{
  "LinearRegression": {
    "Train_MAE": 0.3263810820282308,
    "Test_MAE": 0.811824648831675,
    "Train_RMSE": 0.4305576347858245,
    "Test_RMSE": 0.9088132158822623,
    "Train_R2": 0.5802348009221083,
    "Test_R2": -13.021317768414193,
    "AccuracyLikePct": 77.76409468306244
  },
  "Ridge": {
    "Train_MAE": 0.33341137261377857,
    "Test_MAE": 0.8433800000520042,
    "Train_RMSE": 0.4339959144927386,
    "Test_RMSE": 0.9199748256488506,
    "Train_R2": 0.5735038419564443,
    "Test_R2": -13.36783893831556,
    "AccuracyLikePct": 77.49100391631613
  },
  "Lasso": {
    "Train_MAE": 0.4873469387755103,
    "Test_MAE": 1.144285714285714,
    "Train_RMSE": 0.6645506384169744,
    "Test_RMSE": 1.1697418169696023,
    "Train_R2": 0.0,
    "Test_R2": -22.228416019955656,
    "AccuracyLikePct": 71.37996253482272
  },
  "RandomForest": {
    "Train_MAE": 0.15271785714285682,
    "Test_MAE": 0.7826714285714286,
    "Train_RMSE": 0.19601504360999533,
    "Test_RMSE": 0.9612480915827243,
    "Train_R2": 0.9129993198280946,
    "Test_R2": -14.68593985067907,
    "AccuracyLikePct": 76.48117217378865
  },
  "XGBoost": {
    "Train_MAE": 0.0004722367014203493,
    "Test_MAE": 0.8993780081612723,
    "Train_RMSE": 0.0006735103609451223,
    "Test_RMSE": 1.1302508363161687,
    "Train_R2": 0.9999989728534706,
    "Test_R2": -20.686488600566996,
    "AccuracyLikePct": 72.34618715759112
  }
}